City_ID,City,Country,Lat,Lng,Max Temp,Humidity,Cloudiness,Wind Speed,Current Description
0,Puerto Ayora,EC,-0.7393,-90.3518,80.56,89,82,5.99,broken clouds
1,East London,ZA,-33.0153,27.9116,61.74,82,0,8.05,clear sky
2,Mazagao,BR,-0.115,-51.2894,89.65,70,46,4.59,scattered clouds
3,Rikitea,PF,-23.1203,-134.9692,73.08,70,26,9.51,scattered clouds
4,Ushuaia,AR,-54.8,-68.3,40.62,81,0,4.61,clear sky
5,Provideniya,RU,64.3833,-173.3,35.4,96,99,5.57,light rain
6,Qaanaaq,GL,77.484,-69.3632,30.43,66,48,1.32,scattered clouds
7,Naze,JP,28.3667,129.4833,74.32,87,100,13.42,overcast clouds
8,Impfondo,CG,1.6381,18.0667,78.58,73,100,2.44,overcast clouds
9,Punta Arenas,CL,-53.15,-70.9167,39.31,81,0,6.91,clear sky
10,Sitka,US,57.0531,-135.33,51.69,76,100,0.0,overcast clouds
11,Cape Town,ZA,-33.9258,18.4232,54.27,88,75,4.61,light rain
12,Nikolskoye,RU,59.7035,30.7861,58.91,92,100,10.25,overcast clouds
13,Namibe,AO,-15.1961,12.1522,68.5,63,4,13.06,clear sky
14,Vila Velha,BR,-20.3297,-40.2925,75.15,76,75,18.41,broken clouds
15,Bluff,NZ,-46.6,168.3333,43.81,74,94,36.82,light rain
16,Saint-Pierre,RE,-21.3393,55.4781,73.9,60,0,4.61,clear sky
17,Rocha,UY,-34.4833,-54.3333,63.43,62,65,9.01,broken clouds
18,Tiksi,RU,71.6872,128.8694,45.68,69,96,6.24,overcast clouds
19,Koungou,YT,-12.7336,45.2042,76.71,83,0,6.91,clear sky
20,Beausoleil,FR,43.749,7.417,85.23,71,20,5.75,few clouds
21,Mataura,NZ,-46.1927,168.8643,43.48,92,100,13.42,light rain
22,Vila Franca Do Campo,PT,37.7167,-25.4333,70.2,64,85,2.04,overcast clouds
23,Pekalongan,ID,-6.8886,109.6753,74.01,85,72,4.92,broken clouds
24,Victoria,HK,22.2855,114.1577,79.97,90,100,1.01,overcast clouds
25,Imbituba,BR,-28.24,-48.6703,65.08,85,17,8.01,few clouds
26,Belmonte,BR,-15.8631,-38.8828,77.94,61,69,13.78,broken clouds
27,North Bend,US,43.4065,-124.2243,54.07,90,100,5.75,overcast clouds
28,Atuona,PF,-9.8,-139.0333,77.27,73,39,19.8,scattered clouds
29,Nishihara,JP,26.1842,127.7558,78.85,97,75,21.85,light intensity shower rain
30,Chardara,KZ,41.2547,67.9692,85.75,28,82,6.51,broken clouds
31,Vanimo,PG,-2.6741,141.3028,76.75,90,48,6.51,scattered clouds
32,Yellowknife,CA,62.456,-114.3525,70.32,43,75,6.91,broken clouds
33,Caravelas,BR,-17.7125,-39.2481,74.88,68,29,10.67,scattered clouds
34,Kodiak,US,57.79,-152.4072,49.51,87,100,0.0,light rain
35,Kalach-Na-Donu,RU,48.691,43.5264,72.32,36,64,8.14,broken clouds
36,Mar Del Plata,AR,-38.0023,-57.5575,60.1,64,0,13.8,clear sky
37,Sibolga,ID,1.7427,98.7792,75.78,96,100,3.36,overcast clouds
38,Severo-Kurilsk,RU,50.6789,156.125,44.85,92,100,7.34,overcast clouds
39,Butaritari,KI,3.0707,172.7902,82.02,72,95,13.06,overcast clouds
40,Albany,US,42.6001,-73.9662,78.93,48,29,7.16,scattered clouds
41,Ust-Ordynskiy,RU,52.805,104.7508,61.57,75,89,0.67,overcast clouds
42,Chalus,IR,36.655,51.4204,74.66,83,0,0.0,clear sky
43,Mandalgovi,MN,45.7625,106.2708,66.52,43,100,5.66,overcast clouds
44,Hamilton,US,39.1834,-84.5333,92.75,72,0,11.5,clear sky
45,Lompoc,US,34.6391,-120.4579,79.93,51,0,17.27,clear sky
46,Hermanus,ZA,-34.4187,19.2345,51.8,66,97,17.56,light rain
47,Puerto Escondido,MX,15.85,-97.0667,85.03,61,40,6.91,scattered clouds
48,Shingu,JP,33.7333,135.9833,65.75,95,100,15.88,light rain
49,Vaini,TO,-21.2,-175.2,69.96,100,20,3.44,few clouds
50,Barrow,US,71.2906,-156.7887,33.82,86,75,11.5,broken clouds
51,Kapaa,US,22.0752,-159.319,73.72,87,100,17.27,overcast clouds
52,Airai,TL,-8.9266,125.4092,58.62,96,98,3.2,overcast clouds
53,Beloha,MG,-25.1667,45.05,67.28,73,2,8.03,clear sky
54,Dikson,RU,73.5069,80.5464,32.63,87,43,9.17,scattered clouds
55,Chokurdakh,RU,70.6333,147.9167,59.94,40,41,9.19,scattered clouds
56,Rabupura,IN,28.25,77.6,97.5,29,93,15.23,overcast clouds
57,Bengkulu,ID,-3.8004,102.2655,75.88,89,78,4.05,broken clouds
58,Auki,SB,-8.7676,160.7034,76.77,87,45,4.74,scattered clouds
59,Upernavik,GL,72.7868,-56.1549,30.45,81,66,0.49,broken clouds
60,Gladstone,AU,-23.85,151.25,63.79,77,100,5.75,overcast clouds
61,Lorengau,PG,-2.0226,147.2712,80.35,80,65,9.37,broken clouds
62,Marrakesh,MA,31.6315,-8.0083,96.87,30,75,8.05,broken clouds
63,Tasiilaq,GL,65.6145,-37.6368,39.36,84,79,18.77,broken clouds
64,Georgetown,MY,5.4112,100.3354,82.89,91,20,5.99,few clouds
65,Waingapu,ID,-9.6567,120.2641,76.51,86,89,9.91,overcast clouds
66,Bonthe,SL,7.5264,-12.505,81.88,66,99,8.79,overcast clouds
67,Ponta Do Sol,PT,32.6667,-17.1,72.23,64,11,7.72,few clouds
68,Santa Cruz Cabralia,BR,-16.2781,-39.0247,77.23,65,75,10.36,broken clouds
69,Ribeira Grande,PT,38.5167,-28.7,68.4,77,20,12.66,few clouds
70,Port Hardy,CA,50.6996,-127.4199,51.98,82,100,5.75,overcast clouds
71,Luwingu,ZM,-10.2621,29.9271,62.51,52,35,2.55,scattered clouds
72,Nanortalik,GL,60.1432,-45.2371,41.86,61,54,9.13,broken clouds
73,Ketchikan,US,55.3422,-131.6461,54.07,82,100,6.91,overcast clouds
74,Tautira,PF,-17.7333,-149.15,78.55,77,94,21.07,light rain
75,Kaniama,CD,-7.5667,24.1833,76.1,36,67,2.28,broken clouds
76,Sungairaya,ID,0.7,108.9,79.16,81,70,2.24,broken clouds
77,Wanning,CN,18.8003,110.3967,80.4,92,100,5.68,overcast clouds
78,Sobolevo,RU,54.4299,31.8996,55.99,80,15,13.44,few clouds
79,Salimpur,IN,28.128,76.2766,94.05,33,92,13.58,overcast clouds
80,Kaitangata,NZ,-46.2817,169.8464,41.22,93,97,18.28,overcast clouds
81,Torbay,CA,47.6666,-52.7314,50.29,87,100,12.66,overcast clouds
82,Inverell,AU,-29.7833,151.1167,45.16,90,11,1.99,few clouds
83,Berlevag,NO,70.8578,29.0864,42.8,81,100,11.5,overcast clouds
84,Grand Gaube,MU,-20.0064,57.6608,73.8,61,77,5.99,broken clouds
85,Busselton,AU,-33.65,115.3333,60.91,67,33,11.43,scattered clouds
86,Zolochiv,UA,49.806,24.8944,58.28,72,100,8.81,overcast clouds
87,Kavieng,PG,-2.5744,150.7967,81.23,77,83,11.56,light rain
88,Wanlaweyn,SO,2.6185,44.8938,77.58,73,62,18.07,broken clouds
89,Richards Bay,ZA,-28.783,32.0377,73.04,36,100,10.85,overcast clouds
90,Lasa,IT,46.6166,10.7002,81.48,46,3,0.49,clear sky
91,Houma,US,29.5958,-90.7195,90.01,65,4,3.0,clear sky
92,Ilulissat,GL,69.2167,-51.1,37.42,65,40,9.22,scattered clouds
93,Clovis,US,36.8252,-119.7029,80.83,35,0,5.75,clear sky
94,Sao Filipe,CV,14.8961,-24.4956,76.84,65,90,16.31,overcast clouds
95,Cayenne,GF,4.9333,-52.3333,87.84,24,20,11.5,few clouds
96,Cherskiy,RU,68.75,161.3,55.85,46,7,3.02,clear sky
97,Carnarvon,AU,-24.8667,113.6333,67.05,69,100,5.23,overcast clouds
98,Petropavlovsk-Kamchatskiy,RU,53.0452,158.6483,34.39,100,20,2.24,fog
99,Peniche,PT,39.3558,-9.3811,82.08,81,73,6.64,broken clouds
100,Santa Rosa,PH,14.3122,121.1114,81.1,94,68,1.5,broken clouds
101,Los Llanos De Aridane,ES,28.6585,-17.9182,71.35,76,20,11.5,few clouds
102,Aykhal,RU,66.0,111.5,60.66,45,84,3.38,broken clouds
103,Yulara,AU,-25.2406,130.9889,58.46,49,2,5.19,clear sky
104,Longyearbyen,SJ,78.2186,15.6401,44.44,61,40,19.57,scattered clouds
105,Faanui,PF,-16.4833,-151.75,79.72,71,100,19.75,overcast clouds
106,Fortuna,US,40.5982,-124.1573,59.94,73,75,9.22,broken clouds
107,Coruripe,BR,-10.1256,-36.1756,80.11,73,16,6.87,few clouds
108,Faya,SA,18.3851,42.4509,84.72,37,94,4.27,overcast clouds
109,Basa,ES,37.4117,-2.7641,88.93,21,89,7.0,overcast clouds
110,Tommot,RU,58.9564,126.2925,49.51,94,69,2.8,light rain
111,Luderitz,NA,-26.6481,15.1594,59.41,72,1,2.44,clear sky
112,Koroni,GR,36.8,21.95,79.07,69,61,3.18,broken clouds
113,New Norfolk,AU,-42.7826,147.0587,43.72,83,100,3.04,overcast clouds
114,Montepuez,MZ,-13.1256,38.9997,67.24,67,60,5.14,broken clouds
115,Bubaque,GW,11.2833,-15.8333,78.08,85,94,9.75,overcast clouds
116,Hirara,JP,24.8,125.2833,81.37,82,100,7.49,overcast clouds
117,Port Elizabeth,ZA,-33.918,25.5701,61.09,66,20,21.0,few clouds
118,Leningradskiy,RU,69.3833,178.4167,30.49,97,94,6.46,snow
119,Berdigestyakh,RU,62.0989,126.6992,47.59,95,53,3.24,broken clouds
120,Hobart,AU,-42.8794,147.3294,44.06,88,100,8.05,overcast clouds
121,Poya,NC,-21.35,165.15,71.19,91,32,3.74,scattered clouds
122,Nuuk,GL,64.1835,-51.7216,43.41,39,75,23.02,broken clouds
123,Dalvik,IS,65.9702,-18.5286,57.13,86,88,7.29,overcast clouds
124,Sandakan,MY,5.8402,118.1179,78.48,94,20,2.3,few clouds
125,Lebu,CL,-37.6167,-73.65,49.95,95,100,10.74,overcast clouds
126,Jamestown,US,42.097,-79.2353,79.02,64,80,3.0,broken clouds
127,Alice Springs,AU,-23.7,133.8833,45.95,71,0,4.61,clear sky
128,Eureka,US,40.8021,-124.1637,60.21,77,2,5.99,clear sky
129,Cabo San Lucas,MX,22.8909,-109.9124,90.7,30,0,0.0,clear sky
130,Arlit,NE,18.7369,7.3853,111.0,7,64,10.69,broken clouds
131,Kiama,AU,-34.6833,150.8667,47.44,84,1,6.71,clear sky
132,Avera,US,33.194,-82.5271,97.38,36,60,6.78,broken clouds
133,Hilo,US,19.7297,-155.09,75.27,97,100,6.91,light rain
134,Lokachi,UA,50.737,24.6494,57.92,75,86,10.98,overcast clouds
135,Olafsvik,IS,64.8945,-23.7142,49.3,71,68,17.81,broken clouds
136,La Paz,BO,-16.5,-68.15,55.38,7,0,6.91,clear sky
137,Shelburne,CA,44.0787,-80.2041,72.39,57,1,3.69,clear sky
138,Saskylakh,RU,71.9167,114.0833,46.65,62,94,13.2,overcast clouds
139,Qianan,CN,44.9932,124.0581,61.74,85,95,5.21,overcast clouds
140,Bonavista,CA,48.6499,-53.1147,43.93,82,100,12.19,overcast clouds
141,Sattahip,TH,12.6664,100.9007,86.99,84,20,4.61,few clouds
142,Krasnoselkup,RU,65.7,82.4667,63.37,80,67,10.04,light rain
143,Lagoa,PT,39.05,-27.9833,63.46,77,65,11.61,broken clouds
144,Lerwick,GB,60.1545,-1.1494,53.6,90,100,13.02,overcast clouds
145,Ancud,CL,-41.8697,-73.8203,49.23,81,52,7.43,light rain
146,Srivardhan,IN,18.0333,73.0167,82.72,80,47,6.78,scattered clouds
147,Cidreira,BR,-30.1811,-50.2056,64.44,74,0,13.8,clear sky
148,Sambava,MG,-14.2667,50.1667,72.84,87,42,7.18,light rain
149,Isangel,VU,-19.55,169.2667,74.43,87,53,9.24,broken clouds
150,Tuktoyaktuk,CA,69.4541,-133.0374,41.0,65,20,5.75,few clouds
151,Whitianga,NZ,-36.8333,175.7,56.35,85,36,14.63,scattered clouds
152,Lieksa,FI,63.3167,30.0167,60.57,70,100,3.83,overcast clouds
153,Kabelvag,NO,68.2114,14.4817,53.53,93,75,6.91,broken clouds
154,Agadez,NE,19.75,10.25,103.6,13,2,9.57,clear sky
155,Slave Lake,CA,55.2834,-114.769,58.98,72,100,6.91,overcast clouds
156,Esperance,AU,-33.8667,121.9,54.66,75,8,11.7,clear sky
157,Norman Wells,CA,65.282,-126.8329,50.04,76,75,5.75,broken clouds
158,Maceio,BR,-9.6658,-35.7353,81.84,65,75,10.36,light rain
159,Grindavik,IS,63.8424,-22.4338,52.27,66,75,21.85,broken clouds
160,Salalah,OM,17.0151,54.0924,86.09,84,75,10.36,broken clouds
161,Mount Isa,AU,-20.7333,139.5,53.37,43,0,4.61,clear sky
162,Sabaudia,IT,41.3003,13.0282,84.9,56,1,5.26,clear sky
163,Bethel,US,41.3712,-73.414,78.21,52,0,11.5,clear sky
164,Tabas,IR,33.5959,56.9244,99.61,10,7,9.55,clear sky
165,Kruisfontein,ZA,-34.0033,24.7314,57.88,77,92,24.65,light rain
166,Salekhard,RU,66.53,66.6019,56.25,50,44,6.33,scattered clouds
167,Luba,GQ,3.4568,8.5547,79.92,83,78,9.26,light rain
168,Tuatapere,NZ,-46.1333,167.6833,44.15,78,83,19.66,broken clouds
169,Margate,GB,51.3813,1.3862,68.88,66,0,1.01,clear sky
170,Tabou,CI,4.423,-7.3528,80.83,70,73,10.8,broken clouds
171,Haines Junction,CA,60.7522,-137.5108,48.15,81,100,2.3,overcast clouds
172,Fermoy,IE,52.1358,-8.2758,66.72,70,100,7.74,overcast clouds
173,Sola,VU,-13.8833,167.55,80.17,80,55,20.47,broken clouds
174,Karacabey,TR,40.2152,28.4038,79.18,63,5,8.63,clear sky
175,Avarua,CK,-21.2078,-159.775,75.25,83,75,6.91,broken clouds
176,Port Alfred,ZA,-33.5906,26.891,60.19,47,69,3.0,broken clouds
177,Port Hedland,AU,-20.3167,118.5667,66.25,55,40,6.91,scattered clouds
178,Yar-Sale,RU,66.8333,70.8333,54.12,67,83,5.99,broken clouds
179,Chernyshevskiy,RU,63.0128,112.4714,53.44,70,49,2.57,scattered clouds
180,Lagos,NG,6.5833,3.75,86.32,84,85,6.71,overcast clouds
181,Dzaoudzi,YT,-12.7887,45.2699,76.89,83,0,6.91,clear sky
182,Constitucion,CL,-35.3333,-72.4167,53.2,79,99,10.92,overcast clouds
183,Castro,BR,-24.7911,-50.0119,60.57,59,36,7.43,scattered clouds
184,Nioro,GM,13.35,-15.75,90.82,46,85,7.25,light rain
185,Nome,US,64.5011,-165.4064,39.27,87,100,8.05,light rain
186,Prainha,BR,-1.8,-53.48,83.86,65,36,4.97,scattered clouds
187,Dwarka,IN,22.2394,68.9678,86.31,75,71,10.65,broken clouds
188,Lodwar,KE,3.1191,35.5973,89.47,31,4,9.35,clear sky
189,Ashland,US,40.8167,-82.2665,78.96,93,100,1.05,overcast clouds
190,La Ronge,CA,55.1001,-105.2842,57.45,88,100,11.5,overcast clouds
191,Midyat,TR,37.4247,41.3393,75.78,33,0,8.23,clear sky
192,Port Shepstone,ZA,-30.7414,30.455,70.77,70,100,3.36,overcast clouds
193,Kampot,KH,10.6167,104.1833,78.85,83,98,3.27,overcast clouds
194,Sayyan,YE,15.1718,44.3244,73.06,11,53,9.98,broken clouds
195,Aswan,EG,24.0934,32.907,103.3,13,0,11.5,clear sky
196,Hauterive,FR,46.0901,3.4459,86.76,40,84,6.44,broken clouds
197,Shangzhi,CN,45.2167,127.9667,56.14,89,82,1.1,broken clouds
198,Aasiaat,GL,68.7098,-52.8699,32.34,78,52,2.1,broken clouds
199,Emerald,AU,-23.5333,148.1667,50.34,75,0,4.99,clear sky
200,Urubicha,BO,-15.3833,-62.95,79.83,25,4,4.03,clear sky
201,Tessalit,ML,20.1986,1.0114,104.76,11,99,12.57,overcast clouds
202,Broken Hill,AU,-31.95,141.4333,49.17,51,0,15.55,clear sky
203,Tucano,BR,-10.9631,-38.7867,86.59,43,76,9.69,broken clouds
204,Palana,RU,59.1167,159.9667,35.56,88,10,1.88,clear sky
205,Mount Vernon,US,40.9126,-73.8371,79.92,53,75,8.05,broken clouds
206,Geraldton,AU,-28.7667,114.6,50.41,87,0,8.05,clear sky
207,Shenjiamen,CN,29.9576,122.298,71.64,93,100,11.56,overcast clouds
208,Gunnedah,AU,-30.9833,150.25,42.78,82,0,0.56,clear sky
209,Atbasar,KZ,51.8,68.3333,56.44,75,57,7.61,broken clouds
210,Bambous Virieux,MU,-20.3428,57.7575,73.65,64,40,13.8,scattered clouds
211,Saint-Philippe,RE,-21.3585,55.7679,71.19,70,37,13.15,scattered clouds
212,Chuy,UY,-33.6971,-53.4616,63.41,65,28,7.96,scattered clouds
213,Khatanga,RU,71.9667,102.5,49.78,53,8,11.92,clear sky
214,Sehore,IN,23.2,77.0833,89.87,43,53,9.64,broken clouds
215,Aquiraz,BR,-3.9014,-38.3911,86.09,60,6,11.97,clear sky
216,Bela Palanka,RS,43.2183,22.3111,72.19,72,6,6.55,clear sky
217,Arraial Do Cabo,BR,-22.9661,-42.0278,71.56,64,75,10.36,broken clouds
218,Lata,PT,40.1629,-8.3327,87.49,48,93,6.71,overcast clouds
219,Rawson,AR,-43.3002,-65.1023,57.54,45,22,10.71,few clouds
220,Hithadhoo,MV,-0.6,73.0833,83.37,67,38,2.1,scattered clouds
221,Katsuura,JP,35.1333,140.3,63.5,89,100,17.16,light rain
222,Soyo,AO,-6.1349,12.3689,75.02,75,75,8.68,broken clouds
223,Ambilobe,MG,-13.2,49.05,73.36,76,26,4.65,scattered clouds
224,Ayorou,NE,14.7308,0.9174,109.96,10,91,9.24,overcast clouds
225,Moses Lake,US,47.1301,-119.2781,61.48,44,0,17.27,clear sky
226,Thompson,CA,55.7435,-97.8558,77.16,44,75,8.05,broken clouds
227,Moyale,KE,3.5167,39.0584,67.89,65,31,4.36,scattered clouds
228,Abu Kamal,SY,34.4506,40.9171,90.72,18,0,7.9,clear sky
229,Sechura,PE,-5.5569,-80.8222,73.27,56,45,9.98,scattered clouds
230,Kenai,US,60.5544,-151.2583,55.09,78,0,4.61,clear sky
231,Chara,RU,56.9064,118.2631,50.56,79,14,0.85,few clouds
232,Guerrero Negro,MX,27.9769,-114.0611,69.01,63,5,15.41,clear sky
233,Ngunguru,NZ,-35.6167,174.5,53.53,81,1,11.23,clear sky
234,Ondjiva,AO,-17.0667,15.7333,80.64,18,0,4.61,clear sky
235,Conde,BR,-7.2597,-34.9075,83.66,65,75,10.36,broken clouds
236,Clyde River,CA,70.4692,-68.5914,37.63,81,0,6.91,clear sky
237,Nelson Bay,AU,-32.7167,152.15,46.0,78,0,7.78,light rain
238,Synya,RU,65.3718,58.0387,56.61,75,100,3.27,light rain
239,Agirish,RU,61.9247,63.0231,57.79,54,21,2.91,few clouds
240,Awbari,LY,26.5921,12.7805,95.05,11,33,10.0,scattered clouds
241,Waterloo,CA,43.4668,-80.5164,78.73,46,0,5.75,clear sky
242,Labuhan,ID,-6.8844,112.2051,79.27,85,65,10.27,broken clouds
243,Kavaratti,IN,10.5669,72.642,83.39,77,94,13.13,overcast clouds
244,Seaford,GB,50.7714,0.1027,72.68,56,0,7.29,clear sky
245,Celendin,PE,-6.8703,-78.1517,64.92,56,42,3.29,scattered clouds
246,New Ross,IE,52.3967,-6.9367,64.04,59,88,7.87,overcast clouds
247,Portland,US,45.5234,-122.6762,58.55,81,75,8.05,broken clouds
248,Anadyr,RU,64.75,177.4833,30.7,92,40,4.47,scattered clouds
249,Pevek,RU,69.7008,170.3133,32.79,80,0,2.64,clear sky
250,Carutapera,BR,-1.195,-46.02,82.51,74,84,9.73,broken clouds
251,Chute-Aux-Outardes,CA,49.1168,-68.399,57.18,88,100,3.44,overcast clouds
252,Turiacu,BR,-1.6633,-45.3717,82.76,72,68,7.83,broken clouds
253,Olinda,BR,-8.0089,-34.8553,83.93,61,40,8.05,scattered clouds
254,Coquimbo,CL,-29.9533,-71.3436,55.13,66,75,4.61,broken clouds
255,Bathsheba,BB,13.2167,-59.5167,79.41,94,75,19.57,broken clouds
256,Yakeshi,CN,49.2833,120.7333,54.99,90,85,3.24,overcast clouds
257,Naica,MX,27.85,-105.4833,87.93,25,7,1.74,clear sky
258,Pingliang,CN,35.5392,106.6861,66.16,31,0,4.56,clear sky
259,Melfort,CA,52.8667,-104.6177,55.53,88,100,8.05,light rain
260,Nouadhibou,MR,20.931,-17.0347,76.98,65,1,23.02,sand
261,Amurzet,RU,47.6967,131.0981,59.05,78,100,3.38,overcast clouds
262,Kamenka,RU,51.3223,42.7678,67.8,69,3,9.4,clear sky
263,Flinders,AU,-34.5833,150.8552,47.25,84,0,1.99,clear sky
264,San Patricio,US,28.017,-97.5169,90.07,41,77,22.03,broken clouds
265,Urucara,BR,-2.5364,-57.76,85.91,62,60,3.13,light rain
266,Itarema,BR,-2.9248,-39.9167,83.73,59,3,14.32,clear sky
267,Loiza,PR,18.4313,-65.8802,89.64,74,40,19.57,scattered clouds
268,Waipawa,NZ,-41.4122,175.5153,50.32,63,9,17.47,clear sky
269,Sabang,ID,5.8933,95.3214,81.59,78,37,22.59,scattered clouds
270,Guarapari,BR,-20.6667,-40.4975,70.9,64,81,12.41,broken clouds
271,Bombay,IN,19.0144,72.8479,85.98,79,40,9.22,haze
272,Cosala,MX,24.4125,-106.6908,92.37,38,3,2.8,clear sky
273,Samarai,PG,-10.6167,150.6667,80.91,81,35,12.28,scattered clouds
274,Hvolsvollur,IS,63.7533,-20.2243,50.67,62,88,14.9,overcast clouds
275,Cairns,AU,-16.9167,145.7667,71.55,73,100,11.5,overcast clouds
276,Shimoda,JP,34.6667,138.95,60.1,93,100,16.75,light rain
277,Devils Lake,US,48.1128,-98.8651,70.95,83,100,10.0,overcast clouds
278,Wadi Maliz,TN,36.4681,8.5495,98.26,17,0,10.65,clear sky
279,Regina,CA,50.4501,-104.6178,59.11,64,75,6.91,broken clouds
280,La Rioja,ES,42.25,-2.5,63.75,85,100,0.56,overcast clouds
281,Calvinia,ZA,-31.4707,19.776,44.15,89,96,14.29,light rain
282,Sisimiut,GL,66.9395,-53.6735,37.56,63,7,25.46,clear sky
283,Pacifica,US,37.6138,-122.4869,76.68,66,0,5.01,clear sky
284,Saint-Paul,RE,-21.0096,55.2707,74.35,71,72,6.04,broken clouds
285,Alto Araguaia,BR,-17.3147,-53.2153,75.04,32,98,4.41,overcast clouds
286,Huangnihe,CN,43.5583,128.0239,47.7,97,99,6.15,overcast clouds
287,Beringovskiy,RU,63.05,179.3167,33.22,95,97,5.41,overcast clouds
288,Constantine,DZ,36.365,6.6147,96.21,16,0,12.66,clear sky
289,San Ramon,US,37.7799,-121.978,76.14,48,0,4.61,clear sky
290,Fairbanks,US,64.8378,-147.7164,57.09,70,40,0.0,smoke
291,Savinka,RU,50.0785,47.0994,70.61,47,3,8.28,clear sky
292,Assiniboia,CA,49.6334,-105.9845,60.31,38,13,16.67,few clouds
293,Korla,CN,41.7597,86.1469,87.28,6,78,4.36,broken clouds
294,Devonport,AU,-41.1667,146.35,54.0,69,100,12.12,moderate rain
295,Namatanai,PG,-3.6667,152.4333,78.42,82,25,7.02,scattered clouds
296,Malanje,AO,-9.5402,16.341,70.43,25,52,1.68,broken clouds
297,Praia Da Vitoria,PT,38.7333,-27.0667,68.76,73,40,3.13,scattered clouds
298,Havre-Saint-Pierre,CA,50.2334,-63.5986,66.56,55,0,10.36,clear sky
299,Talnakh,RU,69.4865,88.3972,67.93,49,76,6.06,broken clouds
300,Riachao,BR,-7.3619,-46.6172,86.65,45,34,9.66,scattered clouds
301,Xuanhua,CN,40.6103,115.0447,64.92,54,45,4.16,scattered clouds
302,Saldanha,ZA,-33.0117,17.9442,53.65,75,17,16.15,light rain
303,Jamame,SO,0.0722,42.7506,77.27,78,8,10.25,clear sky
304,Khorramshahr,IR,30.4397,48.1664,107.56,12,0,4.61,clear sky
305,Mersing,MY,2.4312,103.8405,76.91,88,20,5.75,few clouds
306,Messina,IT,38.1933,15.5497,83.75,48,20,14.97,few clouds
307,Albemarle,US,35.3501,-80.2001,80.82,65,0,0.0,clear sky
308,Hamadan,IR,34.7992,48.5146,67.59,26,0,6.96,clear sky
309,Ola,RU,59.5833,151.2833,44.15,91,100,3.85,overcast clouds
310,Acapulco,MX,16.8634,-99.8901,85.82,66,75,11.5,broken clouds
311,Fez,MA,34.0372,-4.9998,106.05,21,40,3.44,scattered clouds
312,Bredasdorp,ZA,-34.5322,20.0403,52.95,77,92,15.19,light rain
313,Ternate,ID,0.8,127.4,79.86,80,96,3.8,overcast clouds
314,Funadhoo,MV,6.15,73.2667,83.25,76,96,14.36,overcast clouds
315,Kirakira,SB,-10.4544,161.9205,80.01,85,99,11.39,overcast clouds
316,North Myrtle Beach,US,33.816,-78.68,94.1,71,20,9.22,few clouds
317,Lumberton,US,34.6182,-79.0086,93.51,41,68,5.01,broken clouds
318,Zhangzhou,CN,24.5133,117.6556,76.93,98,100,0.94,overcast clouds
319,Hasaki,JP,35.7333,140.8333,63.0,86,100,14.85,light rain
320,San Andres,CO,12.5847,-81.7006,75.22,88,100,20.71,moderate rain
321,Urumqi,CN,43.801,87.6005,77.95,41,0,6.71,clear sky
322,Viedma,AR,-40.8135,-62.9967,63.07,27,97,8.86,overcast clouds
323,Chumphon,TH,10.3333,98.8333,73.36,92,77,1.1,broken clouds
324,Half Moon Bay,US,37.4636,-122.4286,78.58,55,0,0.0,clear sky
325,Bollnas,SE,61.3482,16.3946,64.87,43,53,7.47,broken clouds
326,Verkhnevilyuysk,RU,63.4453,120.3167,49.01,84,61,5.08,broken clouds
327,Casma,CL,-41.0082,-73.1244,49.28,93,100,5.41,overcast clouds
328,Puerto Leguizamo,CO,-0.1934,-74.7819,82.47,52,92,3.89,overcast clouds
329,Fort Nelson,CA,58.8053,-122.7002,62.19,42,20,10.36,few clouds
330,Arman,RU,59.7,150.1667,44.02,95,100,1.61,light rain
331,Tibati,CM,6.4667,12.6333,71.87,90,91,4.81,light rain
332,Pandan,PH,14.0453,124.1694,80.96,82,76,2.3,broken clouds
333,Mount Gambier,AU,-37.8333,140.7667,49.69,79,83,12.68,broken clouds
334,Saint George,US,37.1041,-113.5841,76.62,24,0,4.61,clear sky
335,Peterhead,GB,57.5058,-1.7981,63.0,88,100,4.65,overcast clouds
336,Dali,CN,25.7,100.1833,57.63,93,100,2.64,overcast clouds
337,Port-Gentil,GA,-0.7193,8.7815,80.56,74,40,13.8,scattered clouds
338,Bodhan,IN,18.6667,77.9,83.66,66,31,10.85,scattered clouds
339,Zaysan,KZ,47.4667,84.8667,64.33,74,100,5.37,light rain
340,Niigata,JP,37.9022,139.0236,63.91,70,93,15.03,overcast clouds
341,Muisne,EC,0.6,-80.0333,77.45,82,100,13.62,light rain
342,Araouane,ML,18.9048,-3.5265,109.45,9,82,11.39,broken clouds
343,Hudson Bay,CA,52.85,-102.3842,56.52,98,100,6.98,overcast clouds
344,Langsa,ID,4.4683,97.9683,74.82,94,95,2.26,overcast clouds
345,Sao Joao Da Barra,BR,-21.6403,-41.0511,73.49,60,84,10.56,broken clouds
346,Conceicao Do Araguaia,BR,-8.2578,-49.2647,88.61,47,61,8.25,broken clouds
347,Ixtapa,MX,20.7,-105.2,87.22,62,40,5.01,scattered clouds
348,Tiznit,MA,29.5833,-9.5,83.61,41,99,3.49,overcast clouds
349,Jawhar,SO,2.7809,45.5005,76.82,77,61,16.89,broken clouds
350,Dhidhdhoo,MV,6.8833,73.1,83.25,76,67,14.14,broken clouds
351,Belaya Gora,RU,68.5333,146.4167,58.23,44,91,7.78,overcast clouds
352,Onokhoy,RU,51.932,108.0747,65.95,64,64,3.22,broken clouds
353,Santa Rosalia,MX,27.3167,-112.2833,84.25,47,0,6.02,clear sky
354,Ust-Nera,RU,64.5667,143.2,48.6,85,100,4.63,overcast clouds
355,Ramban,IN,33.25,75.25,77.09,36,9,6.96,clear sky
356,Cap Malheureux,MU,-19.9842,57.6142,73.47,61,71,5.99,broken clouds
357,Alapur,IN,27.9555,79.2269,98.76,28,26,15.57,scattered clouds
358,Raton,US,36.9034,-104.4391,79.41,14,0,6.91,clear sky
359,Zhigansk,RU,66.7697,123.3711,53.51,80,96,3.56,light rain
360,Moctezuma,MX,29.8,-109.6667,88.97,38,0,6.02,clear sky
361,Grand-Bourg,GP,15.8835,-61.3148,80.8,78,25,19.82,scattered clouds
362,Shubarkuduk,KZ,49.1447,56.4872,67.55,48,0,9.13,clear sky
363,Tsumeb,NA,-19.2333,17.7167,65.21,28,0,8.93,clear sky
364,Botelhos,BR,-21.6333,-46.395,66.07,42,89,6.06,overcast clouds
365,Tevaitoa,PF,-16.7833,-151.5,79.65,70,100,21.5,light rain
366,Kaseda,JP,31.4167,130.3167,70.95,97,100,7.63,light rain
367,Campeche,MX,19.0,-90.5,94.23,37,65,9.75,broken clouds
368,Fort Smith,US,35.3859,-94.3986,92.17,51,0,9.22,clear sky
369,Touros,BR,-5.1989,-35.4608,83.41,55,8,13.98,clear sky
370,Kahului,US,20.8947,-156.47,75.85,80,40,18.41,scattered clouds
371,Pemangkat,ID,1.1667,108.9667,79.48,80,94,2.53,overcast clouds
372,Byron Bay,AU,-28.65,153.6167,56.95,89,6,5.91,clear sky
373,Dingle,PH,10.9995,122.6711,78.15,84,57,2.62,broken clouds
374,Pocone,BR,-16.2567,-56.6228,80.47,29,13,1.03,few clouds
375,Cordoba,AR,-31.4135,-64.1811,69.19,34,0,11.5,clear sky
376,Yumen,CN,40.2833,97.2,73.54,7,32,8.93,scattered clouds
377,General Pico,AR,-35.6566,-63.7568,61.92,32,100,8.03,overcast clouds
378,Saint Anthony,US,45.0205,-93.218,89.2,59,0,25.32,clear sky
379,Tongliao,CN,43.6125,122.2653,58.62,91,89,6.22,overcast clouds
380,Baytown,US,29.7355,-94.9774,95.13,66,100,13.76,overcast clouds
381,Luganville,VU,-15.5333,167.1667,78.75,79,24,9.71,few clouds
382,Storforshei,NO,66.4043,14.5233,50.67,87,75,6.91,fog
383,Yining,CN,29.0361,114.5636,71.44,89,100,1.41,overcast clouds
384,Tecoanapa,MX,16.5167,-98.75,84.78,65,45,7.36,scattered clouds
385,Marawi,PH,7.9986,124.2928,69.06,91,100,3.87,overcast clouds
386,Omboue,GA,-1.5746,9.2618,76.24,79,70,10.47,broken clouds
387,Egvekinot,RU,66.3167,-179.1667,30.52,90,100,2.95,light snow
388,Pimentel,PE,-6.8367,-79.9342,71.89,53,0,11.5,clear sky
389,Altay,CN,47.8667,88.1167,66.38,63,84,1.59,broken clouds
390,Narsaq,GL,60.9167,-46.05,53.82,45,92,7.96,overcast clouds
391,Matara,LK,5.9485,80.5353,79.75,85,100,7.52,overcast clouds
392,Zyryanka,RU,65.75,150.85,53.73,63,70,10.78,broken clouds
393,Akureyri,IS,65.6835,-18.0878,57.13,67,40,11.5,scattered clouds
394,Charters Towers,AU,-20.1,146.2667,55.04,92,0,6.73,clear sky
395,Ekibastuz,KZ,51.6667,75.3667,64.96,46,12,7.76,few clouds
396,Les Cayes,HT,18.2,-73.75,87.17,59,79,13.82,broken clouds
397,Twentynine Palms,US,34.1356,-116.0542,83.86,15,0,4.0,clear sky
398,Lesogorsk,RU,56.0458,99.5136,68.43,54,100,1.1,overcast clouds
399,Meiganga,CM,6.5167,14.3,71.08,86,99,2.35,light rain
400,Salta,AR,-24.7859,-65.4117,63.19,42,0,4.61,clear sky
401,Anloga,GH,5.7947,0.8973,81.84,74,60,17.49,broken clouds
402,Lazaro Cardenas,MX,17.9583,-102.2,85.41,56,100,1.79,overcast clouds
403,Chumikan,RU,54.7183,135.315,36.36,100,100,4.43,light rain
404,Seoul,KR,37.5683,126.9778,65.59,70,100,9.22,overcast clouds
405,Bellevue,US,47.6104,-122.2007,55.71,86,75,9.22,broken clouds
406,Mackay,AU,-21.15,149.2,59.68,72,98,8.46,overcast clouds
407,Ierapetra,GR,35.01,25.7353,82.15,48,0,11.01,clear sky
408,Meulaboh,ID,4.1363,96.1285,75.47,94,100,3.51,heavy intensity rain
409,General Roca,AR,-39.0333,-67.5833,62.98,33,0,10.13,clear sky
410,Storsteinnes,NO,69.2408,19.2344,54.25,66,98,4.45,overcast clouds
411,Magaria,NE,12.9983,8.9099,97.45,28,26,13.6,scattered clouds
412,Nalvo,PH,16.8096,120.5108,72.59,97,100,3.09,overcast clouds
413,Vestmannaeyjar,IS,63.4427,-20.2734,50.99,81,75,13.8,broken clouds
414,Batagay-Alyta,RU,67.8006,130.4114,54.5,54,100,4.63,overcast clouds
415,Russell,US,32.3502,-85.1999,92.91,66,0,6.91,clear sky
416,Santa Isabel,BR,-23.3156,-46.2214,65.5,51,32,4.94,scattered clouds
417,Pangoa,PE,-12.1167,-73.0,79.52,49,14,3.89,few clouds
418,Kochkurovo,RU,54.0358,45.4184,62.76,81,9,6.89,clear sky
419,Aracuai,BR,-16.8497,-42.0703,75.16,54,100,6.49,overcast clouds
420,Ust-Tsilma,RU,65.441,52.1498,62.49,64,88,1.32,overcast clouds
421,Stolin,BY,51.8912,26.846,59.32,68,47,11.9,scattered clouds
422,Venado Tuerto,AR,-33.7456,-61.9688,60.76,33,86,12.8,overcast clouds
423,Hovd,MN,48.0056,91.6419,74.88,31,54,5.5,broken clouds
424,Prieska,ZA,-29.6641,22.7474,50.88,47,17,18.16,few clouds
425,San Policarpo,PH,12.1791,125.5072,77.14,84,84,4.45,broken clouds
426,Burnie,AU,-41.0667,145.9167,53.92,79,100,13.71,light rain
427,Pilar,BR,-9.5972,-35.9567,80.53,71,30,7.52,scattered clouds
428,Hofn,IS,64.2539,-15.2082,50.34,76,52,15.86,broken clouds
429,Chihuahua,MX,28.5,-106.0,81.43,23,40,9.84,scattered clouds
430,Kudahuvadhoo,MV,2.6708,72.8944,83.8,70,99,9.17,overcast clouds
431,Edremit,TR,39.5961,27.0244,85.75,42,40,12.66,scattered clouds
432,Beyneu,KZ,45.3167,55.2,82.74,19,19,14.79,few clouds
433,Madera,US,37.1666,-119.8343,81.97,15,0,4.9,clear sky
434,Mehran,IR,33.1222,46.1646,95.63,17,0,9.95,clear sky
435,Pisco,PE,-13.7,-76.2167,64.45,63,100,3.44,overcast clouds
436,Montrose,US,38.4166,-108.2673,58.44,28,46,10.36,scattered clouds
437,San Vicente,AR,-26.6167,-54.1333,66.96,38,0,5.82,clear sky
438,Opuwo,NA,-18.0607,13.84,64.83,22,27,9.24,scattered clouds
439,Stornoway,GB,58.2093,-6.3865,55.92,94,75,11.5,light intensity drizzle
440,Goure,NE,13.9835,10.2704,98.02,23,37,12.19,scattered clouds
441,Mahebourg,MU,-20.4081,57.7,73.69,64,40,13.8,scattered clouds
442,Aberdeen,GB,57.1437,-2.0981,63.5,63,100,8.05,overcast clouds
443,Makakilo City,US,21.3469,-158.0858,74.19,67,20,9.22,few clouds
444,Penticton,CA,49.4806,-119.5858,52.88,75,100,5.75,overcast clouds
445,Inyonga,TZ,-6.7167,32.0667,72.54,42,38,3.4,scattered clouds
446,Carlagan,PH,14.975,122.0456,81.12,80,35,4.27,scattered clouds
447,Kinarut,MY,5.8231,116.0466,75.22,88,20,6.91,few clouds
448,Ahipara,NZ,-35.1667,173.1667,57.74,77,10,13.22,clear sky
449,Dalupirip,PH,16.3258,120.7256,73.08,95,94,4.05,overcast clouds
450,Asau,RO,46.4333,26.4,67.12,72,92,3.24,overcast clouds
451,Lodja,CD,-3.4833,23.4333,80.71,52,80,2.3,broken clouds
452,Uige,AO,-7.6087,15.0613,82.42,44,20,4.61,few clouds
453,Sydney,AU,-33.8679,151.2073,49.35,75,0,4.61,clear sky
454,Karratha,AU,-20.7377,116.8463,73.74,65,40,6.29,scattered clouds
455,Raudeberg,NO,61.9875,5.1352,55.96,86,100,16.53,overcast clouds
456,Joinville,BR,-26.3044,-48.8456,67.1,77,100,2.3,overcast clouds
457,Manali,IN,13.1667,80.2667,87.89,86,79,15.19,broken clouds
458,Dombas,NO,62.0696,9.1235,52.59,71,98,8.61,overcast clouds
459,Apodi,BR,-5.6642,-37.7989,90.28,31,0,9.1,clear sky
460,Sciacca,IT,37.5082,13.0881,88.03,52,0,6.64,clear sky
461,Biak,ID,-0.9131,122.8766,76.05,85,100,1.41,overcast clouds
462,Mareeba,AU,-17.0,145.4333,66.92,98,12,2.84,few clouds
463,Noumea,NC,-22.2763,166.4572,73.99,99,97,10.18,overcast clouds
464,Kilindoni,TZ,-7.9139,39.6668,79.34,70,5,13.49,clear sky
465,Roald,NO,62.5833,6.1333,58.15,76,75,9.22,broken clouds
466,Dzhankoy,UA,45.7167,34.4,72.88,67,58,6.51,broken clouds
467,Wajir,KE,1.7471,40.0573,87.76,42,0,4.61,clear sky
468,Necochea,AR,-38.5473,-58.7368,59.85,49,100,12.66,overcast clouds
469,Uarini,BR,-2.99,-65.1083,69.42,99,100,1.63,overcast clouds
470,Da Nang,VN,16.0678,108.2208,80.58,78,20,5.75,few clouds
471,High Level,CA,58.5169,-117.136,68.11,56,40,0.0,scattered clouds
472,Zeya,RU,53.75,127.2667,58.89,98,100,1.43,moderate rain
473,Bunia,CD,1.5667,30.25,68.34,65,89,3.42,overcast clouds
474,Namie,JP,37.4833,141.0,60.71,88,99,3.8,light rain
475,Hailey,US,43.5196,-114.3153,50.9,46,40,13.0,scattered clouds
476,Kokuy,RU,52.2037,117.5529,61.86,62,74,2.21,broken clouds
477,Hambantota,LK,6.1241,81.1185,80.62,82,100,12.62,overcast clouds
478,Dogondoutchi,NE,13.6393,4.0287,103.39,22,44,8.95,scattered clouds
479,Honningsvag,NO,70.9821,25.9704,42.55,81,100,9.22,overcast clouds
480,Souillac,MU,-20.5167,57.5167,73.78,64,40,13.8,scattered clouds
481,Ciudad Guayana,VE,8.3533,-62.6528,87.53,64,74,1.54,broken clouds
482,Lavrentiya,RU,65.5833,-171.0,35.26,96,89,10.96,light snow
483,Trinidad,BO,-14.8333,-64.9,76.98,41,3,0.0,clear sky
484,Raska,RS,43.2872,20.6153,66.94,65,11,5.79,few clouds
485,Tashtyp,RU,52.7939,89.8983,61.47,91,99,4.5,overcast clouds
486,Zahirabad,IN,17.6833,77.6167,83.05,58,36,6.98,scattered clouds
487,Wlodawa,PL,51.55,23.55,61.95,62,72,11.65,broken clouds
488,Massaguet,TD,12.4755,15.4365,94.6,31,68,3.78,light rain
489,Mecca,SA,21.4267,39.8261,92.03,25,6,11.68,clear sky
490,Mgandu,TZ,-5.95,34.1333,70.47,41,48,5.99,scattered clouds
491,Atambua,ID,-9.1061,124.8925,71.38,90,100,4.88,overcast clouds
492,Zhanaozen,KZ,43.3,52.8,83.57,31,12,11.86,few clouds
493,San Cristobal,VE,7.7669,-72.225,77.18,63,100,6.11,overcast clouds
494,San Jeronimo,PE,-11.9472,-75.2829,59.34,36,9,2.95,clear sky
495,Arona,ES,28.0996,-16.681,68.99,58,40,14.97,scattered clouds
496,Coihueco,CL,-36.6167,-71.8333,45.34,93,100,14.97,light intensity drizzle
497,Fare,PF,-16.7,-151.0167,79.81,66,99,19.91,overcast clouds
498,Thap Khlo,TH,16.16,100.5966,80.53,80,99,4.9,overcast clouds
499,Dezhou,CN,37.4486,116.2925,69.75,64,4,5.68,clear sky
500,Salaga,GH,8.5508,-0.5188,91.87,45,65,4.63,broken clouds
501,Orangeburg,US,33.4918,-80.8557,93.92,65,0,8.05,clear sky
502,Havelock,US,34.8791,-76.9013,93.15,72,75,14.97,broken clouds
503,Waitati,NZ,-45.75,170.5667,44.8,59,34,18.68,scattered clouds
504,Chabahar,IR,25.2919,60.643,83.64,78,0,6.53,clear sky
505,Nyurba,RU,63.2842,118.3319,49.39,88,48,2.39,scattered clouds
506,Yerbogachen,RU,61.2767,108.0108,55.65,84,64,1.01,broken clouds
507,Saint-Francois,FR,46.4154,3.9054,87.67,32,0,6.91,clear sky
508,Laguna,US,38.421,-121.4238,76.14,35,0,13.8,clear sky
509,Chazuta,PE,-6.5742,-76.1367,79.65,44,36,0.92,scattered clouds
510,Mormugao,IN,15.4,73.8,81.66,89,40,2.3,scattered clouds
511,Pindiga,NG,9.9833,10.9333,89.2,40,77,5.7,broken clouds
512,Gracac,HR,44.3006,15.8547,78.55,59,34,6.33,scattered clouds
513,Sorkjosen,NO,69.8,20.9333,48.2,81,75,6.91,broken clouds
514,Tevriz,RU,57.509,72.4042,53.46,84,90,7.83,overcast clouds
515,Huangchuan,CN,32.1272,115.0394,73.96,44,0,8.08,clear sky
516,Baykit,RU,61.67,96.37,59.94,67,87,1.99,overcast clouds
517,Teguise,ES,29.0605,-13.564,75.42,47,0,11.5,clear sky
518,San Antonio,US,29.4241,-98.4936,91.33,55,75,18.41,haze
519,Dakar,SN,14.6937,-17.4441,86.88,65,40,6.91,scattered clouds
520,Hervey Bay,AU,-25.2986,152.8535,62.02,92,40,10.0,scattered clouds
521,Sistranda,NO,63.7256,8.834,51.76,95,100,20.22,light rain
522,Misratah,LY,32.3754,15.0925,77.45,60,0,8.72,clear sky
523,Abong Mbang,CM,3.9833,13.1833,70.74,95,100,1.07,moderate rain
524,Sioux Lookout,CA,50.1001,-91.917,62.67,94,100,13.8,thunderstorm with heavy rain
525,Guane,CU,22.2025,-84.0875,92.37,45,7,9.73,clear sky
526,Prachuap Khiri Khan,TH,12.2167,99.75,83.59,89,47,2.86,scattered clouds
527,Ayan,RU,56.45,138.1667,41.9,94,100,6.6,overcast clouds
528,Namwala,ZM,-15.7504,26.4384,63.27,37,0,2.86,clear sky
529,Catuday,PH,16.2923,119.8062,78.91,82,100,8.88,moderate rain
530,Vostok,RU,46.4856,135.8833,53.04,87,3,4.34,clear sky
531,Hit,IQ,33.6416,42.8251,93.2,22,0,9.75,clear sky
532,Camacha,PT,33.0833,-16.3333,69.22,64,40,9.22,scattered clouds
533,Takoradi,GH,4.8845,-1.7554,81.46,73,82,14.0,broken clouds
534,Carauari,BR,-4.8828,-66.8958,82.4,58,90,2.57,overcast clouds
535,Codrington,AU,-38.2667,141.9667,50.5,75,100,20.96,light rain
536,Teguldet,RU,57.3064,88.1667,61.79,96,87,0.16,overcast clouds
537,Kautokeino,NO,69.0125,23.0412,49.64,77,100,14.99,overcast clouds
538,Bonga,ET,7.2833,36.2333,60.13,99,100,1.88,moderate rain
539,Razole,IN,16.4833,81.8333,86.5,72,17,2.86,few clouds
540,Broome,US,42.2506,-75.833,77.7,55,0,4.61,clear sky
541,Llata,PE,-9.4167,-76.7833,61.65,47,16,6.24,few clouds
542,Itacarambi,BR,-15.1022,-44.0919,82.49,46,89,7.05,overcast clouds
543,Papara,BR,-3.9839,-38.7273,84.6,51,6,7.99,clear sky
544,Pundaguitan,PH,6.3711,126.1689,82.83,73,100,6.04,overcast clouds
545,Goderich,CA,43.7501,-81.7165,77.32,41,6,9.22,clear sky
546,Kununurra,AU,-15.7667,128.7333,57.18,77,20,0.0,few clouds
547,Santa Luzia,BR,-19.7697,-43.8514,75.34,45,0,8.05,clear sky
548,Norton Shores,US,43.1689,-86.2639,86.18,54,40,8.05,scattered clouds
549,Kampong Thum,KH,12.7111,104.8887,78.89,87,100,6.24,overcast clouds
550,Betioky,MG,-23.7167,44.3833,70.43,48,17,4.43,few clouds
551,Comodoro Rivadavia,AR,-45.8667,-67.5,57.06,44,0,9.22,clear sky
552,Muriwai Beach,NZ,-36.8167,174.45,56.77,92,36,16.08,scattered clouds
553,Hohhot,CN,40.8106,111.6522,61.09,41,0,4.47,clear sky
554,Marquette,US,46.5333,-87.6335,69.24,79,92,13.8,overcast clouds
555,Kloulklubed,PW,7.0419,134.2556,77.5,73,81,12.55,broken clouds
556,Prince Albert,CA,53.2001,-105.7677,57.15,94,100,8.05,heavy intensity rain
557,Iqaluit,CA,63.7506,-68.5145,40.73,81,75,6.91,broken clouds
558,Metu,ET,8.3,35.5833,59.45,97,79,2.93,moderate rain
559,Anguillara Sabazia,IT,42.0875,12.2767,85.08,50,3,6.29,clear sky
560,Nago,JP,26.5881,127.9761,79.65,88,100,13.35,heavy intensity rain
561,The Valley,AI,18.217,-63.0578,87.66,70,20,18.41,few clouds
562,Ishigaki,JP,24.3448,124.1572,82.53,94,20,9.22,few clouds
563,Taunggyi,MM,20.7833,97.0333,65.48,93,100,2.84,overcast clouds
564,Nizhniy Ingash,RU,56.2,96.53,66.43,67,96,4.16,overcast clouds
565,Vardo,NO,70.3705,31.1107,44.58,81,100,10.36,overcast clouds
566,Shalya,RU,57.2471,58.7298,53.73,84,56,4.09,broken clouds
567,Muhos,FI,64.808,25.9931,64.18,61,94,4.61,overcast clouds
568,Havoysund,NO,70.9963,24.6622,43.03,82,93,9.86,overcast clouds
569,Sembe,CG,1.6481,14.5806,73.87,92,100,1.39,light rain
570,Quang Ngai,VN,15.1167,108.8,78.46,85,100,4.94,overcast clouds
571,Engel-Yurt,RU,43.3289,46.3603,68.18,66,98,5.19,overcast clouds
572,Belturbet,IE,54.1,-7.45,62.11,64,99,6.98,overcast clouds
573,Pochutla,MX,15.7432,-96.4661,88.83,60,38,4.94,scattered clouds
574,Barentu,ER,15.1139,37.5928,91.18,18,86,5.53,overcast clouds
575,Mookane,BW,-23.688,26.6595,65.08,31,46,3.96,scattered clouds
576,Madingou,CG,-4.1536,13.55,79.63,59,83,2.89,broken clouds
577,Kisangani,CD,0.5167,25.2,78.89,69,99,1.12,overcast clouds
578,Maracacume,BR,-2.0428,-45.9592,84.49,66,82,6.64,broken clouds
579,Nemuro,JP,43.3236,145.575,48.45,91,0,11.95,clear sky
580,Chitral,PK,35.8462,71.7858,77.54,42,40,4.7,scattered clouds
581,Lokosovo,RU,61.1333,74.8167,53.53,91,58,7.67,broken clouds
582,Quatre Cocos,MU,-20.2078,57.7625,73.51,68,89,15.77,overcast clouds
583,Pangnirtung,CA,66.1451,-65.7125,42.8,75,75,13.8,broken clouds
584,Grootfontein,NA,-19.5667,18.1167,63.5,29,0,10.29,clear sky
585,Sorland,NO,67.667,12.6934,51.66,91,99,12.01,overcast clouds
586,Prince Rupert,CA,54.3161,-130.3201,50.09,93,40,6.91,scattered clouds
587,Kendari,ID,-3.945,122.4989,74.46,95,100,1.99,overcast clouds
588,Kaa-Khem,RU,51.6833,94.7333,71.42,56,97,3.11,overcast clouds
589,Rawah,IQ,34.4816,41.9093,89.42,22,0,7.76,clear sky
590,Gazli,UZ,40.1333,63.45,93.94,14,2,5.86,clear sky
591,Hokitika,NZ,-42.7167,170.9667,49.05,78,100,14.67,overcast clouds
592,Ayr,GB,55.4627,-4.6339,65.32,63,20,11.5,few clouds
593,Niort,FR,46.3333,-0.3333,88.72,29,7,4.0,clear sky
594,Pirovskoye,RU,57.6267,92.2658,59.43,98,91,2.37,overcast clouds
595,Huesca,ES,42.1362,-0.4087,93.88,21,0,10.36,clear sky
596,Cervo,ES,43.6702,-7.4101,69.3,80,17,2.71,few clouds
597,Macapa,BR,0.0389,-51.0664,89.58,58,40,12.66,scattered clouds
598,Paamiut,GL,61.994,-49.6678,39.74,58,2,36.19,clear sky
599,Malartic,CA,48.1335,-78.1328,76.01,54,6,5.73,clear sky
600,Buchanan,LR,5.8808,-10.0467,80.64,68,87,8.1,overcast clouds
601,Kongolo,CD,-5.3833,27.0,82.13,40,21,0.49,few clouds
602,Nabire,ID,-3.3667,135.4833,75.31,91,65,2.89,broken clouds
603,Marsa Matruh,EG,31.3525,27.2453,75.4,78,20,13.8,few clouds
604,Semey,KZ,50.4111,80.2275,66.61,72,99,8.61,overcast clouds
605,Taoudenni,ML,22.6783,-3.9836,109.27,6,0,11.9,clear sky
606,Salym,RU,60.0625,71.4789,48.99,96,97,4.52,overcast clouds
607,Birnin Kebbi,NG,12.4539,4.1975,100.11,27,74,6.91,broken clouds
608,Sungaipenuh,ID,-2.0833,101.3833,65.05,98,98,0.85,overcast clouds
609,Tilichiki,RU,60.4667,166.1,44.6,76,40,4.45,scattered clouds
610,Abu Samrah,SY,35.3029,37.1841,75.96,50,5,15.39,clear sky
611,Old Saybrook,US,41.2918,-72.3762,79.0,49,0,8.05,clear sky
612,Ponta Delgada,PT,37.7333,-25.6667,70.5,72,40,5.75,scattered clouds
613,Kondagaon,IN,19.6,81.6667,81.77,60,100,5.41,overcast clouds
614,Klaksvik,FO,62.2266,-6.589,52.72,98,97,11.18,overcast clouds
615,Polovinnoye,RU,54.7914,65.9864,56.75,82,46,7.47,scattered clouds
616,Pacific Grove,US,36.6177,-121.9166,70.34,73,0,8.01,clear sky
617,Mwinilunga,ZM,-11.7358,24.4293,62.33,41,50,0.69,scattered clouds
618,Quelimane,MZ,-17.8786,36.8883,75.15,83,20,4.61,few clouds
619,Turukhansk,RU,65.8167,87.9833,61.86,75,75,4.83,broken clouds
620,Beboto,TD,8.2668,16.939,82.31,58,90,5.3,overcast clouds
621,Kismayo,SO,-0.3582,42.5454,78.66,78,12,14.03,few clouds
622,Abha,SA,18.2164,42.5053,84.45,7,0,18.41,clear sky
623,Mangrol,IN,21.1167,70.1167,85.28,74,46,12.55,scattered clouds
624,Ostrovnoy,RU,68.0531,39.5131,52.56,73,12,9.46,few clouds
625,Santa Cruz,BO,-17.8,-63.1667,78.85,27,0,17.27,clear sky
626,Mahates,CO,10.2329,-75.1899,80.49,72,100,2.73,overcast clouds
627,Chanal,MX,16.7167,-92.4,65.57,78,97,3.76,overcast clouds
628,Oxbow,CA,49.2333,-102.1676,60.75,75,100,13.85,overcast clouds
629,Jaru,BR,-10.4389,-62.4664,73.76,70,89,1.86,overcast clouds
630,Vuktyl,RU,63.8567,57.3094,58.66,68,100,6.53,overcast clouds
631,Stuttgart,DE,48.7823,9.177,78.4,38,0,3.44,clear sky
632,Shellbrook,CA,53.2168,-106.4011,56.43,76,100,3.0,light rain
633,Vao,NC,-22.6667,167.4833,71.76,80,100,16.31,overcast clouds
634,Ocos,GT,14.5094,-92.1933,80.78,80,100,7.58,overcast clouds
635,Muhldorf,DE,48.25,12.5333,74.91,65,9,5.66,clear sky
636,Port Macquarie,AU,-31.4333,152.9167,46.89,85,10,5.82,clear sky
637,Buala,SB,-8.145,159.5921,79.38,82,34,8.34,light rain
638,Macau,MO,22.2006,113.5461,78.6,94,20,3.44,few clouds
639,Gomel,BY,52.4345,30.9754,64.38,48,0,15.66,clear sky
640,Rio Gallegos,AR,-51.6226,-69.2181,39.25,81,0,11.5,clear sky
641,San Quintin,MX,30.4833,-115.95,67.73,67,14,9.46,few clouds
642,Kutum,SD,14.2,24.6667,88.47,27,100,3.94,overcast clouds
643,Bandiagara,ML,14.3501,-3.6104,104.74,17,66,7.92,broken clouds
644,Puerto Madryn,AR,-42.7692,-65.0385,58.64,43,26,15.82,scattered clouds
645,Valparaiso,CL,-33.0393,-71.6273,56.84,74,75,3.44,broken clouds
646,Pombas,CV,17.1503,-25.0201,78.58,76,13,14.65,few clouds
647,Puerto Gaitan,CO,4.3133,-72.0816,73.35,83,100,8.66,overcast clouds
648,Finschhafen,PG,-6.6024,147.8681,78.75,78,75,8.93,broken clouds
649,Pietarsaari,FI,63.65,22.6833,64.53,70,18,6.87,few clouds
650,Talcahuano,CL,-36.7167,-73.1167,49.68,93,100,6.91,overcast clouds
651,Baherden,TM,38.4362,57.4316,97.66,21,18,3.56,few clouds
652,Warmbad,NA,-28.45,18.7333,51.91,55,38,12.97,scattered clouds
653,Tomatlan,MX,19.9333,-105.25,92.34,43,32,4.16,scattered clouds
654,Trincomalee,LK,8.5711,81.2335,77.68,80,99,11.21,overcast clouds
655,Sinnamary,GF,5.3833,-52.95,82.31,73,24,6.6,few clouds
656,Kemijarvi,FI,66.7131,27.4306,66.96,41,91,2.64,overcast clouds
657,Plerin,FR,48.5425,-2.7798,69.39,71,0,10.36,clear sky
658,Dudinka,RU,69.4058,86.1778,63.05,49,84,13.29,broken clouds
659,Pangody,RU,65.85,74.4859,55.17,70,92,16.04,overcast clouds
660,Clonakilty,IE,51.6231,-8.8706,61.81,69,80,11.41,broken clouds
661,Varkkallai,IN,8.7341,76.7067,83.98,87,98,8.63,light rain
662,Maltahohe,NA,-24.8333,16.9833,46.83,42,0,11.32,clear sky
663,Balad,IQ,34.0164,44.1453,93.52,21,0,8.41,clear sky
664,Trelew,AR,-43.249,-65.3051,58.64,39,30,13.42,scattered clouds
665,Ulaangom,MN,49.9811,92.0667,68.79,58,84,4.32,broken clouds
666,Pauini,BR,-7.7136,-66.9764,83.3,51,46,1.7,scattered clouds
667,Yara,CU,20.2753,-76.9533,91.38,44,1,13.02,clear sky
668,Porosozero,RU,62.7191,32.727,62.22,59,100,4.92,overcast clouds
669,El Coyote,MX,25.7,-103.2667,82.42,29,68,5.21,broken clouds
670,Mathbaria,BD,22.2876,89.9593,83.43,86,100,9.82,overcast clouds
671,Birjand,IR,32.8663,59.2211,86.47,17,40,16.11,scattered clouds
672,Presidencia Roque Saenz Pena,AR,-26.7852,-60.4388,71.33,29,0,12.3,clear sky
673,Pafos,CY,34.7667,32.4167,76.78,73,20,4.61,few clouds
674,Gua Musang,MY,4.8823,101.9644,73.2,98,95,1.16,overcast clouds
675,Rio Grande,BR,-32.035,-52.0986,64.51,77,1,11.97,clear sky
676,Kajaani,FI,64.2273,27.7285,60.85,67,0,5.75,clear sky
677,Semirom,IR,31.4167,51.5667,66.96,15,0,5.68,clear sky
678,Muromtsevo,RU,56.3724,75.2418,55.06,97,93,5.61,light rain
679,Vidim,RU,56.4088,103.1106,63.16,59,87,1.5,overcast clouds
680,Henties Bay,NA,-22.116,14.2845,58.59,82,14,12.33,few clouds
681,Rondonopolis,BR,-16.4708,-54.6356,86.47,20,65,4.83,broken clouds
682,Dong Hoi,VN,17.4833,106.6,79.39,87,100,3.65,heavy intensity rain
683,Chelno-Vershiny,RU,54.4333,51.1,61.86,76,91,5.95,overcast clouds
684,Kashi,CN,39.4547,75.9797,83.41,14,0,6.71,clear sky
685,Aitape,PG,-3.1374,142.3475,77.25,87,28,6.38,scattered clouds
686,Bilma,NE,18.6853,12.9164,104.77,15,6,8.16,clear sky
687,Namikupa,TZ,-10.8333,39.6,69.13,82,76,4.32,broken clouds
688,Koumac,NC,-20.5667,164.2833,73.31,87,35,3.06,scattered clouds
689,Amahai,ID,-3.3333,128.9167,77.5,87,99,3.09,light rain
690,Plock,PL,52.5468,19.7064,59.7,67,69,11.54,broken clouds
691,Tripoli,LY,32.8752,13.1875,78.71,52,0,9.22,clear sky
692,Manzhouli,CN,49.6,117.4333,59.86,73,23,4.03,few clouds
693,Isabela,PH,6.7085,121.9711,78.6,82,100,4.56,overcast clouds
694,Goksun,TR,38.021,36.4973,60.93,81,99,5.26,overcast clouds
695,Tura,IN,25.5198,90.2201,73.96,99,96,2.39,overcast clouds
696,Atrauli,IN,28.0333,78.2833,98.1,28,63,14.14,broken clouds
697,Salihorsk,BY,52.7876,27.5415,57.16,77,22,13.56,few clouds
698,Nioki,CD,-2.7167,17.6833,83.73,48,63,2.21,broken clouds
699,Bobo Dioulasso,BF,11.1771,-4.2979,95.86,33,91,3.15,overcast clouds
700,Maniitsoq,GL,65.4167,-52.9,38.98,67,7,18.57,clear sky
701,Yamethin,MM,20.4333,96.15,79.3,79,96,8.01,overcast clouds
702,Verkhnyaya Khava,RU,51.8404,39.9413,68.07,84,71,6.91,broken clouds
703,Nizwa,OM,22.9333,57.5333,85.73,50,31,5.79,scattered clouds
704,Aklavik,CA,68.2191,-135.0107,50.97,48,36,5.19,scattered clouds
705,Alyangula,AU,-13.8483,136.4192,71.69,83,11,9.13,few clouds
706,Ceres,US,37.5949,-120.9577,74.01,32,0,14.97,clear sky
707,Williston,US,48.147,-103.618,66.04,55,75,5.01,broken clouds
708,Riviera Beach,US,26.7753,-80.0581,93.25,58,75,12.66,broken clouds
709,Porto Novo,BJ,6.4965,2.6036,85.82,74,97,10.22,overcast clouds
710,Mikhaylov,RU,54.2292,39.0186,66.47,90,55,7.63,broken clouds
